{"train_loss_step": 3.068692445755005, "epoch": 0, "trainer/global_step": 578, "_runtime": 83, "_timestamp": 1616242061, "_step": 11, "train_loss_epoch": 3.799274206161499}